{
  "B (current)": {
    "ts_combo": 93.95333552415379,
    "ts_fn": 98.0282615839632,
    "ts_exec": 97.50246467302006,
    "ts_dir": 97.73250082155768,
    "ts_param": 0.0,
    "ke_fn_sample": 97.78645833333334
  },
  "B-mod (dir=v46)": {
    "ts_combo": 92.93460400920145,
    "ts_fn": 98.0282615839632,
    "ts_exec": 97.50246467302006,
    "ts_dir": 96.5494577719356,
    "ts_param": 0.0,
    "ke_fn_sample": 97.78645833333334
  },
  "B-param (param=v46)": {
    "ts_combo": 93.95333552415379,
    "ts_fn": 98.0282615839632,
    "ts_exec": 97.50246467302006,
    "ts_dir": 97.73250082155768,
    "ts_param": 0.0,
    "ke_fn_sample": 97.78645833333334
  },
  "B-both (dir+param=v46)": {
    "ts_combo": 92.93460400920145,
    "ts_fn": 98.0282615839632,
    "ts_exec": 97.50246467302006,
    "ts_dir": 96.5494577719356,
    "ts_param": 0.0,
    "ke_fn_sample": 97.78645833333334
  },
  "MaxConf all": {
    "ts_combo": 94.9392047321722,
    "ts_fn": 99.40847847518896,
    "ts_exec": 97.07525468287874,
    "ts_dir": 97.6010515938219,
    "ts_param": 0.0,
    "ke_fn_sample": 91.6015625
  },
  "MaxConf dir/param only": {
    "ts_combo": 93.85474860335195,
    "ts_fn": 98.0282615839632,
    "ts_exec": 97.50246467302006,
    "ts_dir": 97.6010515938219,
    "ts_param": 0.0,
    "ke_fn_sample": 97.78645833333334
  },
  "All v46": {
    "ts_combo": 93.29608938547486,
    "ts_fn": 98.0282615839632,
    "ts_exec": 97.23956621754847,
    "ts_dir": 96.5494577719356,
    "ts_param": 0.0,
    "ke_fn_sample": 97.78645833333334
  },
  "Avg (softmax mean)": {
    "ts_combo": 95.03779165297404,
    "ts_fn": 99.4413407821229,
    "ts_exec": 97.10811698981269,
    "ts_dir": 97.63391390075583,
    "ts_param": 0.0,
    "ke_fn_sample": 91.34114583333334
  },
  "Avg ex-fn (fn=v46)": {
    "ts_combo": 93.78902398948406,
    "ts_fn": 98.0282615839632,
    "ts_exec": 97.10811698981269,
    "ts_dir": 97.63391390075583,
    "ts_param": 0.0,
    "ke_fn_sample": 97.78645833333334
  },
  "MaxConf ex-fn": {
    "ts_combo": 93.69043706868221,
    "ts_fn": 98.0282615839632,
    "ts_exec": 97.07525468287874,
    "ts_dir": 97.6010515938219,
    "ts_param": 0.0,
    "ke_fn_sample": 97.78645833333334
  },
  "Avg fn=v46, judge=avg": {
    "ts_combo": 93.78902398948406,
    "ts_fn": 98.0282615839632,
    "ts_exec": 97.10811698981269,
    "ts_dir": 97.63391390075583,
    "ts_param": 0.0,
    "ke_fn_sample": 97.78645833333334
  }
}