{
  "B (current)": {
    "ts_combo": 94.08478475188959,
    "ts_fn": 98.0282615839632,
    "ts_exec": 97.63391390075583,
    "ts_dir": 97.92967466316136,
    "ts_param": 0.0,
    "ke_fn_sample": 97.78645833333334
  },
  "B-mod (dir=v46)": {
    "ts_combo": 93.39467630627671,
    "ts_fn": 98.0282615839632,
    "ts_exec": 97.63391390075583,
    "ts_dir": 97.14097929674664,
    "ts_param": 0.0,
    "ke_fn_sample": 97.78645833333334
  },
  "B-param (param=v46)": {
    "ts_combo": 94.08478475188959,
    "ts_fn": 98.0282615839632,
    "ts_exec": 97.63391390075583,
    "ts_dir": 97.92967466316136,
    "ts_param": 0.0,
    "ke_fn_sample": 97.78645833333334
  },
  "B-both (dir+param=v46)": {
    "ts_combo": 93.39467630627671,
    "ts_fn": 98.0282615839632,
    "ts_exec": 97.63391390075583,
    "ts_dir": 97.14097929674664,
    "ts_param": 0.0,
    "ke_fn_sample": 97.78645833333334
  },
  "MaxConf all": {
    "ts_combo": 95.20210318764377,
    "ts_fn": 99.40847847518896,
    "ts_exec": 97.27242852448242,
    "ts_dir": 97.8968123562274,
    "ts_param": 0.0,
    "ke_fn_sample": 91.6015625
  },
  "MaxConf dir/param only": {
    "ts_combo": 94.08478475188959,
    "ts_fn": 98.0282615839632,
    "ts_exec": 97.63391390075583,
    "ts_dir": 97.8968123562274,
    "ts_param": 0.0,
    "ke_fn_sample": 97.78645833333334
  },
  "All v46": {
    "ts_combo": 93.75616168255011,
    "ts_fn": 98.0282615839632,
    "ts_exec": 97.40387775221821,
    "ts_dir": 97.14097929674664,
    "ts_param": 0.0,
    "ke_fn_sample": 97.78645833333334
  },
  "Avg (softmax mean)": {
    "ts_combo": 95.30069010844562,
    "ts_fn": 99.4413407821229,
    "ts_exec": 97.30529083141637,
    "ts_dir": 97.92967466316136,
    "ts_param": 0.0,
    "ke_fn_sample": 91.34114583333334
  },
  "Avg ex-fn (fn=v46)": {
    "ts_combo": 94.05192244495564,
    "ts_fn": 98.0282615839632,
    "ts_exec": 97.30529083141637,
    "ts_dir": 97.92967466316136,
    "ts_param": 0.0,
    "ke_fn_sample": 97.78645833333334
  },
  "MaxConf ex-fn": {
    "ts_combo": 93.95333552415379,
    "ts_fn": 98.0282615839632,
    "ts_exec": 97.27242852448242,
    "ts_dir": 97.8968123562274,
    "ts_param": 0.0,
    "ke_fn_sample": 97.78645833333334
  },
  "Avg fn=v46, judge=avg": {
    "ts_combo": 94.05192244495564,
    "ts_fn": 98.0282615839632,
    "ts_exec": 97.30529083141637,
    "ts_dir": 97.92967466316136,
    "ts_param": 0.0,
    "ke_fn_sample": 97.78645833333334
  }
}